{"$schema":"http://schema.management.azure.com/schemas/2015-01-01/deploymentTemplate.json#","contentVersion":"1.0.0.0","parameters":{"Enterprise_Datawarehouse_lakehouse_silver":{"type":"string"},"rajesh_warehouse":{"type":"string"}},"variables":{},"resources":[{"name":"goldpipe_copy1","type":"pipelines","apiVersion":"2018-06-01","properties":{"activities":[{"name":"Copy data1","type":"Copy","dependsOn":[{"activity":"Dataflow2","dependencyConditions":["Succeeded"]}],"policy":{"timeout":"0.12:00:00","retry":0,"retryIntervalInSeconds":30,"secureOutput":false,"secureInput":false},"typeProperties":{"source":{"type":"LakehouseTableSource","datasetSettings":{"annotations":[],"linkedService":{"name":"Enterprise_Datawarehouse_lakehouse_silver","properties":{"annotations":[],"type":"Lakehouse","typeProperties":{"workspaceId":"cc7fc8ef-05a5-4260-9f03-ba315c3d1a79","artifactId":"[parameters('Enterprise_Datawarehouse_lakehouse_silver')]","rootFolder":"Tables"}}},"type":"LakehouseTable","schema":[],"typeProperties":{"schema":"dbo","table":"product_delta"}}},"sink":{"type":"DataWarehouseSink","allowCopyCommand":true,"copyCommandSettings":{},"tableOption":"autoCreate","datasetSettings":{"annotations":[],"linkedService":{"name":"rajesh_warehouse","properties":{"annotations":[],"type":"DataWarehouse","typeProperties":{"endpoint":"pstif7vh7kne3o72pus3obd3ie-57eh7tffavqefhydxiyvypi2pe.datawarehouse.fabric.microsoft.com","artifactId":"[parameters('rajesh_warehouse')]","workspaceId":"cc7fc8ef-05a5-4260-9f03-ba315c3d1a79"}}},"type":"DataWarehouseTable","schema":[],"typeProperties":{"schema":"dbo","table":"product_gold"}}},"enableStaging":true,"translator":{"type":"TabularTranslator","mappings":[{"source":{"name":"product_key","type":"Int32","physicalType":"integer"},"sink":{"name":"product_key","physicalType":"int"}},{"source":{"name":"product_name","type":"String","physicalType":"string"},"sink":{"name":"product_name","physicalType":"varchar","length":"255"}},{"source":{"name":"color","type":"String","physicalType":"string"},"sink":{"name":"color","physicalType":"varchar","length":"100"}},{"source":{"name":"subcategory","type":"String","physicalType":"string"},"sink":{"name":"subcategory","physicalType":"varchar","length":"100"}},{"source":{"name":"category","type":"String","physicalType":"string"},"sink":{"name":"category","physicalType":"varchar","length":"100"}},{"source":{"name":"bg_color_format","type":"String","physicalType":"string"},"sink":{"name":"bg_color_format","physicalType":"varchar","length":"20"}},{"source":{"name":"font_color_format","type":"String","physicalType":"string"},"sink":{"name":"font_color_format","physicalType":"varchar","length":"20"}}],"typeConversion":true,"typeConversionSettings":{"allowDataTruncation":false,"treatBooleanAsNumber":false}}}},{"name":"Copy data2","type":"Copy","dependsOn":[{"activity":"Dataflow3","dependencyConditions":["Succeeded"]}],"policy":{"timeout":"0.12:00:00","retry":0,"retryIntervalInSeconds":30,"secureOutput":false,"secureInput":false},"typeProperties":{"source":{"type":"LakehouseTableSource","datasetSettings":{"annotations":[],"linkedService":{"name":"Enterprise_Datawarehouse_lakehouse_silver","properties":{"annotations":[],"type":"Lakehouse","typeProperties":{"workspaceId":"cc7fc8ef-05a5-4260-9f03-ba315c3d1a79","artifactId":"[parameters('Enterprise_Datawarehouse_lakehouse_silver')]","rootFolder":"Tables"}}},"type":"LakehouseTable","schema":[],"typeProperties":{"schema":"dbo","table":"region_delta"}}},"sink":{"type":"DataWarehouseSink","allowCopyCommand":true,"copyCommandSettings":{},"tableOption":"autoCreate","datasetSettings":{"annotations":[],"linkedService":{"name":"rajesh_warehouse","properties":{"annotations":[],"type":"DataWarehouse","typeProperties":{"endpoint":"pstif7vh7kne3o72pus3obd3ie-57eh7tffavqefhydxiyvypi2pe.datawarehouse.fabric.microsoft.com","artifactId":"[parameters('rajesh_warehouse')]","workspaceId":"cc7fc8ef-05a5-4260-9f03-ba315c3d1a79"}}},"type":"DataWarehouseTable","schema":[],"typeProperties":{"schema":"dbo","table":"region_gold"}}},"enableStaging":true,"translator":{"type":"TabularTranslator","mappings":[{"source":{"name":"region","type":"String","physicalType":"string"},"sink":{"name":"region","physicalType":"varchar","length":"100"}},{"source":{"name":"country","type":"String","physicalType":"string"},"sink":{"name":"country","physicalType":"varchar","length":"100"}},{"source":{"name":"region_group","type":"String","physicalType":"string"},"sink":{"name":"region_group","physicalType":"varchar","length":"100"}}],"typeConversion":true,"typeConversionSettings":{"allowDataTruncation":true,"treatBooleanAsNumber":false}}}},{"name":"Dataflow3","type":"RefreshDataflow","dependsOn":[{"activity":"Copy data1","dependencyConditions":["Succeeded"]}],"policy":{"timeout":"0.12:00:00","retry":0,"retryIntervalInSeconds":30,"secureOutput":false,"secureInput":false},"typeProperties":{"dataflowId":"f648e685-bfe9-42ef-bfa9-bd4834ac7ce5","workspaceId":"cc7fc8ef-05a5-4260-9f03-ba315c3d1a79","notifyOption":"NoNotification","dataflowType":"DataflowFabric"}},{"name":"Dataflow2","type":"RefreshDataflow","dependsOn":[],"policy":{"timeout":"0.12:00:00","retry":0,"retryIntervalInSeconds":30,"secureOutput":false,"secureInput":false},"typeProperties":{"dataflowId":"d7d09ec4-7b62-46a6-ac14-ff6219de1b8d","workspaceId":"cc7fc8ef-05a5-4260-9f03-ba315c3d1a79","notifyOption":"NoNotification","dataflowType":"DataflowFabric"}}],"lastModifiedByObjectId":"9b9c85ae-76f4-45ed-95bd-e9c122363cfc","lastPublishTime":"2025-04-05T12:54:06Z"},"dependsOn":[]}]}